timestamp,temperature,time_id
2026-04-26 02:29:37,6.2,2001
2026-04-26 02:30:37,6.4,2002
2026-04-26 02:31:37,6.5,2003
2026-04-26 02:32:37,6.4,2004
2026-04-26 02:33:37,6.3,2005
2026-04-26 02:34:37,6.4,2006
2026-04-26 02:35:37,6.5,2007
2026-04-26 02:36:37,6.5,2008
2026-04-26 02:37:37,6.3,2009
2026-04-26 02:38:37,6.5,2010
2026-04-26 02:39:37,6.4,2011
2026-04-26 02:40:37,6.4,2012
2026-04-26 02:41:37,6.2,2013
2026-04-26 02:42:37,6.4,2014
2026-04-26 02:43:37,6.3,2015
2026-04-26 02:44:37,6.2,2016
2026-04-26 02:45:37,6.1,2017
2026-04-26 02:46:37,6.1,2018
2026-04-26 02:47:37,6.2,2019
2026-04-26 02:48:37,6.2,2020
2026-04-26 02:49:37,6.0,2021
2026-04-26 02:50:37,6.1,2022
2026-04-26 02:51:37,6.2,2023
2026-04-26 02:52:37,6.1,2024
2026-04-26 02:53:37,6.1,2025
2026-04-26 02:54:37,5.8,2026
2026-04-26 02:55:37,6.4,2027
2026-04-26 02:56:37,6.0,2028
2026-04-26 02:57:37,6.1,2029
2026-04-26 02:58:37,6.1,2030
2026-04-26 02:59:37,6.0,2031
2026-04-26 03:00:37,5.9,2032
2026-04-26 03:01:37,6.1,2033
2026-04-26 03:02:37,5.9,2034
2026-04-26 03:03:37,6.1,2035
2026-04-26 03:04:37,6.0,2036
2026-04-26 03:05:37,6.0,2037
2026-04-26 03:06:37,6.0,2038
2026-04-26 03:07:37,5.9,2039
2026-04-26 03:08:37,5.8,2040
2026-04-26 03:09:38,6.0,2041
2026-04-26 03:10:38,5.9,2042
2026-04-26 03:11:38,5.7,2043
2026-04-26 03:12:38,6.0,2044
2026-04-26 03:13:38,5.9,2045
2026-04-26 03:14:38,5.9,2046
2026-04-26 03:15:38,5.9,2047
2026-04-26 03:16:38,5.9,2048
2026-04-26 03:17:38,6.0,2049
2026-04-26 03:18:38,5.7,2050
2026-04-26 03:19:38,5.8,2051
2026-04-26 03:20:38,6.0,2052
2026-04-26 03:21:38,6.0,2053
2026-04-26 03:22:38,5.8,2054
2026-04-26 03:23:38,5.9,2055
2026-04-26 03:24:38,5.8,2056
2026-04-26 03:25:38,5.5,2057
2026-04-26 03:26:38,5.5,2058
2026-04-26 03:27:38,5.6,2059
2026-04-26 03:28:38,5.4,2060
2026-04-26 03:29:38,5.5,2061
2026-04-26 03:30:38,5.7,2062
2026-04-26 03:31:38,5.4,2063
2026-04-26 03:32:38,5.4,2064
2026-04-26 03:33:38,5.6,2065
2026-04-26 03:34:38,5.4,2066
2026-04-26 03:35:38,5.5,2067
2026-04-26 03:36:38,5.5,2068
2026-04-26 03:37:38,5.5,2069
2026-04-26 03:38:38,5.4,2070
2026-04-26 03:39:38,5.5,2071
2026-04-26 03:40:38,5.4,2072
2026-04-26 03:41:38,5.2,2073
2026-04-26 03:42:38,5.3,2074
2026-04-26 03:43:38,5.3,2075
2026-04-26 03:44:38,5.5,2076
2026-04-26 03:45:38,5.3,2077
2026-04-26 03:46:38,5.4,2078
2026-04-26 03:47:38,5.3,2079
2026-04-26 03:48:38,5.2,2080
2026-04-26 03:49:38,5.3,2081
2026-04-26 03:50:38,5.2,2082
2026-04-26 03:51:39,5.3,2083
2026-04-26 03:52:39,5.2,2084
2026-04-26 03:53:39,5.2,2085
2026-04-26 03:54:39,5.1,2086
2026-04-26 03:55:39,5.1,2087
2026-04-26 03:56:39,5.3,2088
2026-04-26 03:57:39,5.1,2089
2026-04-26 03:58:39,5.2,2090
2026-04-26 03:59:39,5.1,2091
2026-04-26 04:00:39,5.0,2092
2026-04-26 04:01:39,4.9,2093
2026-04-26 04:02:39,5.0,2094
2026-04-26 04:03:39,5.2,2095
2026-04-26 04:04:39,4.9,2096
2026-04-26 04:05:39,5.1,2097
2026-04-26 04:06:39,4.9,2098
2026-04-26 04:07:39,5.0,2099
2026-04-26 04:08:39,4.9,2100
2026-04-26 04:09:39,4.9,2101
2026-04-26 04:10:39,5.2,2102
2026-04-26 04:11:39,4.9,2103
2026-04-26 04:12:39,4.9,2104
2026-04-26 04:13:39,5.1,2105
2026-04-26 04:14:39,4.9,2106
2026-04-26 04:15:39,5.2,2107
2026-04-26 04:16:39,5.0,2108
2026-04-26 04:17:39,4.9,2109
2026-04-26 04:18:39,5.0,2110
2026-04-26 04:19:39,4.8,2111
2026-04-26 04:20:39,5.0,2112
2026-04-26 04:21:39,4.8,2113
2026-04-26 04:22:39,4.7,2114
2026-04-26 04:23:39,4.9,2115
2026-04-26 04:24:39,5.0,2116
2026-04-26 04:25:39,4.6,2117
2026-04-26 04:26:39,4.8,2118
2026-04-26 04:27:39,4.8,2119
2026-04-26 04:28:40,5.0,2120
2026-04-26 04:29:40,4.7,2121
2026-04-26 04:30:40,4.8,2122
2026-04-26 04:31:40,4.8,2123
2026-04-26 04:32:40,4.9,2124
2026-04-26 04:33:40,4.9,2125
2026-04-26 04:34:40,4.8,2126
2026-04-26 04:35:40,4.8,2127
2026-04-26 04:36:40,4.8,2128
2026-04-26 04:37:40,4.9,2129
2026-04-26 04:38:40,4.8,2130
2026-04-26 04:39:40,5.0,2131
2026-04-26 04:40:40,4.7,2132
2026-04-26 04:41:40,4.8,2133
2026-04-26 04:42:40,4.8,2134
2026-04-26 04:43:40,4.5,2135
2026-04-26 04:44:40,4.6,2136
2026-04-26 04:45:40,4.5,2137
2026-04-26 04:46:40,4.6,2138
2026-04-26 04:47:40,4.7,2139
2026-04-26 04:48:40,4.8,2140
2026-04-26 04:49:40,4.7,2141
2026-04-26 04:50:40,4.7,2142
2026-04-26 04:51:40,4.7,2143
2026-04-26 04:52:40,4.6,2144
2026-04-26 04:53:40,4.6,2145
2026-04-26 04:54:40,4.5,2146
2026-04-26 04:55:40,4.6,2147
2026-04-26 04:56:40,4.7,2148
2026-04-26 04:57:40,4.5,2149
2026-04-26 04:58:40,4.7,2150
2026-04-26 04:59:40,4.6,2151
2026-04-26 05:00:40,4.5,2152
2026-04-26 05:01:40,4.7,2153
2026-04-26 05:02:40,4.5,2154
2026-04-26 05:03:40,4.6,2155
2026-04-26 05:04:40,4.6,2156
2026-04-26 05:05:40,4.5,2157
2026-04-26 05:06:40,4.5,2158
2026-04-26 05:07:40,4.5,2159
2026-04-26 05:08:40,4.5,2160
2026-04-26 05:09:40,4.5,2161
2026-04-26 05:10:40,4.5,2162
2026-04-26 05:11:40,4.1,2163
2026-04-26 05:12:40,4.6,2164
2026-04-26 05:13:40,4.4,2165
2026-04-26 05:14:40,4.5,2166
2026-04-26 05:15:40,4.4,2167
2026-04-26 05:16:40,4.5,2168
2026-04-26 05:17:40,4.4,2169
2026-04-26 05:18:41,4.5,2170
2026-04-26 05:19:41,4.5,2171
2026-04-26 05:20:41,4.2,2172
2026-04-26 05:21:41,4.4,2173
2026-04-26 05:22:41,4.4,2174
2026-04-26 05:23:41,4.3,2175
2026-04-26 05:24:41,4.2,2176
2026-04-26 05:25:41,4.3,2177
2026-04-26 05:26:41,4.5,2178
2026-04-26 05:27:41,4.3,2179
2026-04-26 05:28:41,4.3,2180
2026-04-26 05:29:41,4.2,2181
2026-04-26 05:30:41,4.3,2182
2026-04-26 05:31:41,4.3,2183
2026-04-26 05:32:41,4.2,2184
2026-04-26 05:33:41,4.4,2185
2026-04-26 05:34:41,4.4,2186
2026-04-26 05:35:41,4.3,2187
2026-04-26 05:36:41,4.3,2188
2026-04-26 05:37:41,4.4,2189
2026-04-26 05:38:41,4.4,2190
2026-04-26 05:39:41,4.3,2191
2026-04-26 05:40:41,4.2,2192
2026-04-26 05:41:41,4.2,2193
2026-04-26 05:42:41,4.4,2194
2026-04-26 05:43:41,4.2,2195
2026-04-26 05:44:41,4.3,2196
2026-04-26 05:45:41,4.3,2197
2026-04-26 05:46:41,4.3,2198
2026-04-26 05:47:41,4.5,2199
2026-04-26 05:48:41,4.4,2200
2026-04-26 05:49:41,4.2,2201
2026-04-26 05:50:41,4.3,2202
2026-04-26 05:51:41,4.0,2203
2026-04-26 05:52:41,4.3,2204
2026-04-26 05:53:41,4.4,2205
2026-04-26 05:54:41,4.4,2206
2026-04-26 05:55:41,4.4,2207
2026-04-26 05:56:42,4.3,2208
2026-04-26 05:57:42,4.4,2209
2026-04-26 05:58:42,4.2,2210
2026-04-26 05:59:42,4.2,2211
2026-04-26 06:00:42,4.3,2212
2026-04-26 06:01:42,4.1,2213
2026-04-26 06:02:42,4.2,2214
2026-04-26 06:03:42,4.4,2215
2026-04-26 06:04:42,4.2,2216
2026-04-26 06:05:42,4.2,2217
2026-04-26 06:06:42,4.2,2218
2026-04-26 06:07:42,4.3,2219
2026-04-26 06:08:42,4.1,2220
2026-04-26 06:09:42,4.2,2221
2026-04-26 06:10:42,4.0,2222
2026-04-26 06:11:42,4.0,2223
2026-04-26 06:12:42,4.0,2224
2026-04-26 06:13:42,4.1,2225
2026-04-26 06:14:42,4.2,2226
2026-04-26 06:15:42,4.2,2227
2026-04-26 06:16:42,4.2,2228
2026-04-26 06:17:42,4.0,2229
2026-04-26 06:18:42,4.1,2230
2026-04-26 06:19:42,4.3,2231
2026-04-26 06:20:42,4.2,2232
2026-04-26 06:21:42,4.0,2233
2026-04-26 06:22:42,3.9,2234
2026-04-26 06:23:42,4.2,2235
2026-04-26 06:24:42,4.1,2236
2026-04-26 06:25:42,3.9,2237
2026-04-26 06:26:42,4.0,2238
2026-04-26 06:27:42,3.8,2239
2026-04-26 06:28:42,4.1,2240
2026-04-26 06:29:42,4.0,2241
2026-04-26 06:30:42,4.1,2242
2026-04-26 06:31:42,4.1,2243
2026-04-26 06:32:42,3.9,2244
2026-04-26 06:33:42,3.8,2245
2026-04-26 06:34:42,3.7,2246
2026-04-26 06:35:42,3.8,2247
2026-04-26 06:36:42,4.1,2248
2026-04-26 06:37:42,3.9,2249
2026-04-26 06:38:42,3.8,2250
2026-04-26 06:39:42,4.0,2251
2026-04-26 06:40:42,4.0,2252
2026-04-26 06:41:42,4.1,2253
2026-04-26 06:42:42,3.7,2254
2026-04-26 06:43:42,3.7,2255
2026-04-26 06:44:42,4.0,2256
2026-04-26 06:45:42,3.8,2257
2026-04-26 06:46:42,4.0,2258
2026-04-26 06:47:42,4.0,2259
2026-04-26 06:48:42,3.9,2260
2026-04-26 06:49:42,3.8,2261
2026-04-26 06:50:42,3.9,2262
2026-04-26 06:51:42,3.8,2263
2026-04-26 06:52:42,3.7,2264
2026-04-26 06:53:42,3.8,2265
2026-04-26 06:54:42,3.9,2266
2026-04-26 06:55:43,3.8,2267
2026-04-26 06:56:43,3.9,2268
2026-04-26 06:57:43,3.9,2269
2026-04-26 06:58:43,3.8,2270
2026-04-26 06:59:43,3.8,2271
2026-04-26 07:00:43,3.8,2272
2026-04-26 07:01:43,4.0,2273
2026-04-26 07:02:43,3.8,2274
2026-04-26 07:03:43,3.7,2275
2026-04-26 07:04:43,3.8,2276
2026-04-26 07:05:43,3.8,2277
2026-04-26 07:06:43,3.8,2278
2026-04-26 07:07:43,3.8,2279
2026-04-26 07:08:43,3.7,2280
2026-04-26 07:09:43,3.8,2281
2026-04-26 07:10:43,3.8,2282
2026-04-26 07:11:43,3.9,2283
2026-04-26 07:12:43,4.0,2284
2026-04-26 07:13:43,3.9,2285
2026-04-26 07:14:43,4.0,2286
2026-04-26 07:15:43,3.7,2287
2026-04-26 07:16:43,3.7,2288
2026-04-26 07:17:43,3.8,2289
2026-04-26 07:18:43,3.8,2290
2026-04-26 07:19:43,4.0,2291
2026-04-26 07:20:43,3.8,2292
2026-04-26 07:21:43,3.9,2293
2026-04-26 07:22:43,3.9,2294
2026-04-26 07:23:43,3.9,2295
2026-04-26 07:24:43,3.9,2296
2026-04-26 07:25:43,3.8,2297
2026-04-26 07:26:43,3.7,2298
2026-04-26 07:27:43,3.8,2299
2026-04-26 07:28:43,3.9,2300
2026-04-26 07:29:43,3.9,2301
2026-04-26 07:30:43,3.8,2302
2026-04-26 07:31:43,3.8,2303
2026-04-26 07:32:43,3.8,2304
2026-04-26 07:33:43,3.8,2305
2026-04-26 07:34:43,4.0,2306
2026-04-26 07:35:43,4.1,2307
2026-04-26 07:36:43,4.1,2308
2026-04-26 07:37:44,3.9,2309
2026-04-26 07:38:44,3.9,2310
2026-04-26 07:39:44,3.9,2311
2026-04-26 07:40:44,3.9,2312
2026-04-26 07:41:44,3.9,2313
2026-04-26 07:42:44,3.9,2314
2026-04-26 07:43:44,4.0,2315
2026-04-26 07:44:44,3.9,2316
2026-04-26 07:45:44,4.1,2317
2026-04-26 07:46:44,3.9,2318
2026-04-26 07:47:44,3.8,2319
2026-04-26 07:48:44,4.0,2320
2026-04-26 07:49:44,3.9,2321
2026-04-26 07:50:44,4.3,2322
2026-04-26 07:51:44,4.0,2323
2026-04-26 07:52:44,4.2,2324
2026-04-26 07:53:44,4.0,2325
2026-04-26 07:54:44,4.2,2326
2026-04-26 07:55:44,4.1,2327
2026-04-26 07:56:44,4.1,2328
2026-04-26 07:57:44,4.2,2329
2026-04-26 07:58:44,4.2,2330
2026-04-26 07:59:44,4.2,2331
2026-04-26 08:00:44,4.1,2332
2026-04-26 08:01:44,4.1,2333
2026-04-26 08:02:44,4.2,2334
2026-04-26 08:03:44,4.2,2335
2026-04-26 08:04:44,4.3,2336
2026-04-26 08:05:44,4.3,2337
2026-04-26 08:06:45,4.5,2338
2026-04-26 08:07:45,4.2,2339
2026-04-26 08:08:44,4.4,2340
2026-04-26 08:09:44,4.3,2341
2026-04-26 08:10:45,4.4,2342
2026-04-26 08:11:45,4.5,2343
2026-04-26 08:12:45,4.2,2344
2026-04-26 08:13:45,4.3,2345
2026-04-26 08:14:45,4.4,2346
2026-04-26 08:15:45,4.4,2347
2026-04-26 08:16:45,4.4,2348
2026-04-26 08:17:45,4.6,2349
2026-04-26 08:18:45,4.6,2350
2026-04-26 08:19:45,4.6,2351
2026-04-26 08:20:45,4.8,2352
2026-04-26 08:21:45,4.5,2353
2026-04-26 08:22:45,4.5,2354
2026-04-26 08:23:45,4.5,2355
2026-04-26 08:24:45,4.7,2356
2026-04-26 08:25:45,4.6,2357
2026-04-26 08:26:45,4.5,2358
2026-04-26 08:27:45,4.7,2359
2026-04-26 08:28:45,4.8,2360
2026-04-26 08:29:45,4.6,2361
2026-04-26 08:30:45,4.9,2362
2026-04-26 08:31:45,5.0,2363
2026-04-26 08:32:45,4.8,2364
2026-04-26 08:33:45,4.9,2365
2026-04-26 08:34:45,4.9,2366
2026-04-26 08:35:45,5.0,2367
2026-04-26 08:36:45,5.0,2368
2026-04-26 08:37:45,5.0,2369
2026-04-26 08:38:45,4.9,2370
2026-04-26 08:39:45,5.0,2371
2026-04-26 08:40:45,4.9,2372
2026-04-26 08:41:45,5.0,2373
2026-04-26 08:42:45,5.3,2374
2026-04-26 08:43:45,5.1,2375
2026-04-26 08:44:45,5.2,2376
2026-04-26 08:45:45,5.2,2377
2026-04-26 08:46:45,5.0,2378
2026-04-26 08:47:45,5.3,2379
2026-04-26 08:48:45,5.1,2380
2026-04-26 08:49:45,4.9,2381
2026-04-26 08:50:45,5.4,2382
2026-04-26 08:51:45,5.3,2383
2026-04-26 08:52:45,5.4,2384
2026-04-26 08:53:45,5.4,2385
2026-04-26 08:54:45,5.3,2386
2026-04-26 08:55:45,5.3,2387
2026-04-26 08:56:45,5.4,2388
2026-04-26 08:57:45,5.4,2389
2026-04-26 08:58:45,5.5,2390
2026-04-26 08:59:46,5.5,2391
2026-04-26 09:00:46,5.5,2392
2026-04-26 09:01:46,5.6,2393
2026-04-26 09:02:46,5.3,2394
2026-04-26 09:03:46,5.5,2395
2026-04-26 09:04:46,5.6,2396
2026-04-26 09:05:46,5.7,2397
2026-04-26 09:06:46,5.8,2398
2026-04-26 09:07:46,5.7,2399
2026-04-26 09:08:46,5.9,2400
2026-04-26 09:09:46,6.0,2401
2026-04-26 09:10:46,5.8,2402
2026-04-26 09:11:46,5.9,2403
2026-04-26 09:12:46,5.8,2404
2026-04-26 09:13:46,6.0,2405
2026-04-26 09:14:46,6.0,2406
2026-04-26 09:15:46,5.9,2407
2026-04-26 09:16:46,5.9,2408
2026-04-26 09:17:46,6.1,2409
2026-04-26 09:18:46,6.1,2410
2026-04-26 09:19:46,5.9,2411
2026-04-26 09:20:46,6.1,2412
2026-04-26 09:21:46,6.2,2413
2026-04-26 09:22:46,6.2,2414
2026-04-26 09:23:46,6.3,2415
2026-04-26 09:24:46,6.5,2416
2026-04-26 09:25:46,6.2,2417
2026-04-26 09:26:46,6.3,2418
2026-04-26 09:27:46,6.5,2419
2026-04-26 09:28:46,6.7,2420
2026-04-26 09:29:46,6.6,2421
2026-04-26 09:30:46,6.4,2422
2026-04-26 09:31:46,6.7,2423
2026-04-26 09:32:46,6.4,2424
2026-04-26 09:33:46,6.9,2425
2026-04-26 09:34:46,6.7,2426
2026-04-26 09:35:46,6.8,2427
2026-04-26 09:36:46,6.8,2428
2026-04-26 09:37:46,6.8,2429
2026-04-26 09:38:46,6.9,2430
2026-04-26 09:39:46,7.2,2431
2026-04-26 09:40:46,7.0,2432
2026-04-26 09:41:46,7.4,2433
2026-04-26 09:42:46,7.2,2434
2026-04-26 09:43:46,7.3,2435
2026-04-26 09:44:47,7.4,2436
2026-04-26 09:45:47,7.6,2437
2026-04-26 09:46:47,7.6,2438
2026-04-26 09:47:47,7.9,2439
2026-04-26 09:48:47,7.9,2440
2026-04-26 09:49:47,7.7,2441
2026-04-26 09:50:47,7.9,2442
2026-04-26 09:51:47,7.9,2443
2026-04-26 09:52:47,8.3,2444
2026-04-26 09:53:47,7.9,2445
2026-04-26 09:54:47,8.3,2446
2026-04-26 09:55:47,8.1,2447
2026-04-26 09:56:47,8.2,2448
2026-04-26 09:57:47,8.5,2449
2026-04-26 09:58:47,8.5,2450
2026-04-26 09:59:47,8.3,2451
2026-04-26 10:00:47,8.8,2452
2026-04-26 10:01:47,8.5,2453
2026-04-26 10:02:47,8.8,2454
2026-04-26 10:03:47,8.6,2455
2026-04-26 10:04:47,8.8,2456
2026-04-26 10:05:47,8.9,2457
2026-04-26 10:06:47,9.0,2458
2026-04-26 10:07:47,9.0,2459
2026-04-26 10:08:47,9.3,2460
2026-04-26 10:09:47,9.4,2461
2026-04-26 10:10:47,9.2,2462
2026-04-26 10:11:47,9.4,2463
2026-04-26 10:12:47,9.7,2464
2026-04-26 10:13:47,9.7,2465
2026-04-26 10:14:47,9.7,2466
2026-04-26 10:15:47,9.6,2467
2026-04-26 10:16:47,9.8,2468
2026-04-26 10:17:47,9.9,2469
2026-04-26 10:18:47,10.1,2470
2026-04-26 10:19:47,10.0,2471
2026-04-26 10:20:47,10.1,2472
2026-04-26 10:21:47,10.2,2473
2026-04-26 10:22:47,10.3,2474
2026-04-26 10:23:47,10.4,2475
2026-04-26 10:24:47,10.3,2476
2026-04-26 10:25:47,10.3,2477
2026-04-26 10:26:48,10.4,2478
2026-04-26 10:27:48,10.5,2479
2026-04-26 10:28:48,10.8,2480
2026-04-26 10:29:48,10.9,2481
2026-04-26 10:30:48,10.8,2482
2026-04-26 10:31:48,10.8,2483
2026-04-26 10:32:48,10.9,2484
2026-04-26 10:33:48,10.9,2485
2026-04-26 10:34:48,11.0,2486
2026-04-26 10:35:48,11.3,2487
2026-04-26 10:36:48,11.3,2488
2026-04-26 10:37:48,11.2,2489
2026-04-26 10:38:48,11.2,2490
2026-04-26 10:39:48,11.4,2491
2026-04-26 10:40:48,11.5,2492
2026-04-26 10:41:48,11.4,2493
2026-04-26 10:42:48,11.3,2494
2026-04-26 10:43:48,11.4,2495
2026-04-26 10:44:48,11.8,2496
2026-04-26 10:45:48,11.7,2497
2026-04-26 10:46:48,11.8,2498
2026-04-26 10:47:48,11.9,2499
2026-04-26 10:48:48,11.8,2500
2026-04-26 10:49:48,12.0,2501
2026-04-26 10:50:48,12.0,2502
2026-04-26 10:51:48,11.8,2503
2026-04-26 10:52:48,12.2,2504
2026-04-26 10:53:48,12.0,2505
2026-04-26 10:54:48,12.1,2506
2026-04-26 10:55:48,12.3,2507
2026-04-26 10:56:48,12.2,2508
2026-04-26 10:57:48,12.3,2509
2026-04-26 10:58:48,12.4,2510
2026-04-26 10:59:48,12.6,2511
2026-04-26 11:00:48,12.6,2512
2026-04-26 11:01:48,12.7,2513
2026-04-26 11:02:48,12.6,2514
2026-04-26 11:03:48,12.7,2515
2026-04-26 11:04:48,12.8,2516
2026-04-26 11:05:48,12.8,2517
2026-04-26 11:06:48,12.8,2518
2026-04-26 11:07:48,13.0,2519
2026-04-26 11:08:48,13.0,2520
2026-04-26 11:09:48,13.1,2521
2026-04-26 11:10:48,13.2,2522
2026-04-26 11:11:48,13.1,2523
2026-04-26 11:12:48,13.3,2524
2026-04-26 11:13:48,13.2,2525
2026-04-26 11:14:49,13.4,2526
2026-04-26 11:15:49,13.5,2527
2026-04-26 11:16:49,13.4,2528
2026-04-26 11:17:49,13.5,2529
2026-04-26 11:18:49,13.5,2530
2026-04-26 11:19:49,13.7,2531
2026-04-26 11:20:49,13.5,2532
2026-04-26 11:21:49,13.8,2533
2026-04-26 11:22:49,14.0,2534
2026-04-26 11:23:49,14.0,2535
2026-04-26 11:24:49,14.0,2536
2026-04-26 11:25:49,14.1,2537
2026-04-26 11:26:49,14.2,2538
2026-04-26 11:27:49,14.2,2539
2026-04-26 11:28:49,14.4,2540
2026-04-26 11:29:49,14.5,2541
2026-04-26 11:30:49,14.6,2542
2026-04-26 11:31:49,14.5,2543
2026-04-26 11:32:49,14.6,2544
2026-04-26 11:33:49,14.8,2545
2026-04-26 11:34:49,14.8,2546
2026-04-26 11:35:49,14.9,2547
2026-04-26 11:36:49,15.0,2548
2026-04-26 11:37:49,14.9,2549
2026-04-26 11:38:49,15.0,2550
2026-04-26 11:39:49,15.2,2551
2026-04-26 11:40:49,15.3,2552
2026-04-26 11:41:49,15.4,2553
2026-04-26 11:42:49,15.5,2554
2026-04-26 11:43:49,15.4,2555
2026-04-26 11:44:49,15.6,2556
2026-04-26 11:45:49,15.8,2557
2026-04-26 11:46:49,15.6,2558
2026-04-26 11:47:49,15.9,2559
2026-04-26 11:48:49,15.9,2560
2026-04-26 11:49:49,15.9,2561
2026-04-26 11:50:49,16.0,2562
2026-04-26 11:51:49,16.2,2563
2026-04-26 11:52:49,16.1,2564
2026-04-26 11:53:49,16.2,2565
2026-04-26 11:54:49,16.0,2566
2026-04-26 11:55:49,16.4,2567
2026-04-26 11:56:50,16.4,2568
2026-04-26 11:57:50,16.4,2569
2026-04-26 11:58:50,16.3,2570
2026-04-26 11:59:50,16.6,2571
2026-04-26 12:00:50,16.7,2572
2026-04-26 12:01:50,16.8,2573
2026-04-26 12:02:50,16.8,2574
2026-04-26 12:03:50,16.9,2575
2026-04-26 12:04:50,17.0,2576
2026-04-26 12:05:50,17.2,2577
2026-04-26 12:06:50,17.1,2578
2026-04-26 12:07:50,17.2,2579
2026-04-26 12:08:50,17.2,2580
2026-04-26 12:09:50,17.4,2581
2026-04-26 12:10:50,17.4,2582
2026-04-26 12:11:50,17.6,2583
2026-04-26 12:12:50,17.4,2584
2026-04-26 12:13:50,17.6,2585
2026-04-26 12:14:50,17.8,2586
2026-04-26 12:15:50,17.5,2587
2026-04-26 12:16:50,17.6,2588
2026-04-26 12:17:50,18.0,2589
2026-04-26 12:18:50,17.9,2590
2026-04-26 12:19:50,18.0,2591
2026-04-26 12:20:50,18.1,2592
2026-04-26 12:21:50,18.1,2593
2026-04-26 12:22:50,18.2,2594
2026-04-26 12:23:50,18.3,2595
2026-04-26 12:24:50,18.2,2596
2026-04-26 12:25:50,18.3,2597
2026-04-26 12:26:50,18.4,2598
2026-04-26 12:27:50,18.5,2599
2026-04-26 12:28:50,18.6,2600
2026-04-26 12:29:50,18.6,2601
2026-04-26 12:30:50,18.7,2602
2026-04-26 12:31:50,18.8,2603
2026-04-26 12:32:50,18.8,2604
2026-04-26 12:33:50,19.1,2605
2026-04-26 12:34:50,19.1,2606
2026-04-26 12:35:50,19.1,2607
2026-04-26 12:36:50,19.0,2608
2026-04-26 12:37:50,19.3,2609
2026-04-26 12:38:50,19.3,2610
2026-04-26 12:39:50,19.4,2611
2026-04-26 12:40:50,19.3,2612
2026-04-26 12:41:50,19.5,2613
2026-04-26 12:42:50,19.6,2614
2026-04-26 12:43:50,19.5,2615
2026-04-26 12:44:50,19.5,2616
2026-04-26 12:45:50,19.8,2617
2026-04-26 12:46:50,19.6,2618
2026-04-26 12:47:50,19.9,2619
2026-04-26 12:48:50,19.9,2620
2026-04-26 12:49:51,20.1,2621
2026-04-26 12:50:51,20.0,2622
2026-04-26 12:51:51,19.9,2623
2026-04-26 12:52:51,20.1,2624
2026-04-26 12:53:51,20.0,2625
2026-04-26 12:54:51,20.3,2626
2026-04-26 12:55:51,20.1,2627
2026-04-26 12:56:51,19.5,2628
2026-04-26 12:57:51,19.0,2629
2026-04-26 12:58:51,18.8,2630
2026-04-26 12:59:51,18.7,2631
2026-04-26 13:00:51,18.8,2632
2026-04-26 13:01:51,19.1,2633
2026-04-26 13:02:51,19.1,2634
2026-04-26 13:03:51,19.4,2635
2026-04-26 13:04:51,19.4,2636
2026-04-26 13:05:51,19.6,2637
2026-04-26 13:06:51,19.9,2638
2026-04-26 13:07:51,20.1,2639
2026-04-26 13:08:51,20.2,2640
2026-04-26 13:09:51,20.4,2641
2026-04-26 13:10:51,20.3,2642
2026-04-26 13:11:51,20.4,2643
2026-04-26 13:12:51,20.5,2644
2026-04-26 13:13:51,20.7,2645
2026-04-26 13:14:51,21.0,2646
2026-04-26 13:15:51,20.6,2647
2026-04-26 13:16:51,21.0,2648
2026-04-26 13:17:51,21.1,2649
2026-04-26 13:18:51,21.2,2650
2026-04-26 13:19:51,21.2,2651
2026-04-26 13:20:51,21.1,2652
2026-04-26 13:21:51,21.4,2653
2026-04-26 13:22:51,21.4,2654
2026-04-26 13:23:51,21.6,2655
2026-04-26 13:24:51,21.5,2656
2026-04-26 13:25:51,21.5,2657
2026-04-26 13:26:51,21.7,2658
2026-04-26 13:27:52,21.8,2659
2026-04-26 13:28:52,21.8,2660
2026-04-26 13:29:52,21.9,2661
2026-04-26 13:30:52,21.9,2662
2026-04-26 13:31:52,22.0,2663
2026-04-26 13:32:52,22.2,2664
2026-04-26 13:33:52,22.2,2665
2026-04-26 13:34:52,22.4,2666
2026-04-26 13:35:52,22.4,2667
2026-04-26 13:36:52,22.4,2668
2026-04-26 13:37:52,22.5,2669
2026-04-26 13:38:52,22.4,2670
2026-04-26 13:39:52,22.6,2671
2026-04-26 13:40:52,22.7,2672
2026-04-26 13:41:52,22.7,2673
2026-04-26 13:42:52,22.6,2674
2026-04-26 13:43:52,22.9,2675
2026-04-26 13:44:52,22.7,2676
2026-04-26 13:45:52,22.7,2677
2026-04-26 13:46:52,22.8,2678
2026-04-26 13:47:52,22.8,2679
2026-04-26 13:48:52,23.0,2680
2026-04-26 13:49:52,22.9,2681
2026-04-26 13:50:52,22.9,2682
2026-04-26 13:51:52,23.2,2683
2026-04-26 13:52:52,23.1,2684
2026-04-26 13:53:52,23.3,2685
2026-04-26 13:54:52,23.1,2686
2026-04-26 13:55:52,23.2,2687
2026-04-26 13:56:52,23.1,2688
2026-04-26 13:57:52,23.5,2689
2026-04-26 13:58:52,23.2,2690
2026-04-26 13:59:52,23.5,2691
2026-04-26 14:00:52,23.6,2692
2026-04-26 14:01:52,23.4,2693
2026-04-26 14:02:52,23.6,2694
2026-04-26 14:03:52,23.3,2695
2026-04-26 14:04:52,23.7,2696
2026-04-26 14:05:52,23.5,2697
2026-04-26 14:06:53,23.8,2698
2026-04-26 14:07:53,23.6,2699
2026-04-26 14:08:53,23.6,2700
2026-04-26 14:09:53,23.8,2701
2026-04-26 14:10:53,23.8,2702
2026-04-26 14:11:53,24.0,2703
2026-04-26 14:12:53,23.8,2704
2026-04-26 14:13:53,24.0,2705
2026-04-26 14:14:53,23.9,2706
2026-04-26 14:15:53,24.0,2707
2026-04-26 14:16:53,24.0,2708
2026-04-26 14:17:53,24.1,2709
2026-04-26 14:18:53,24.4,2710
2026-04-26 14:19:53,24.2,2711
2026-04-26 14:20:53,24.3,2712
2026-04-26 14:21:53,24.2,2713
2026-04-26 14:22:53,24.4,2714
2026-04-26 14:23:53,24.5,2715
2026-04-26 14:24:53,24.4,2716
2026-04-26 14:25:53,24.6,2717
2026-04-26 14:26:53,24.5,2718
2026-04-26 14:27:53,24.5,2719
2026-04-26 14:28:53,24.7,2720
2026-04-26 14:29:53,24.6,2721
2026-04-26 14:30:53,24.7,2722
2026-04-26 14:31:53,24.6,2723
2026-04-26 14:32:53,24.7,2724
2026-04-26 14:33:53,24.8,2725
2026-04-26 14:34:53,24.9,2726
2026-04-26 14:35:53,24.8,2727
2026-04-26 14:36:53,25.1,2728
2026-04-26 14:37:53,24.9,2729
2026-04-26 14:38:53,24.9,2730
2026-04-26 14:39:53,24.9,2731
2026-04-26 14:40:53,25.1,2732
2026-04-26 14:41:53,25.0,2733
2026-04-26 14:42:53,25.0,2734
2026-04-26 14:43:53,24.9,2735
2026-04-26 14:44:54,25.2,2736
2026-04-26 14:45:54,25.2,2737
2026-04-26 14:46:54,25.2,2738
2026-04-26 14:47:54,25.0,2739
2026-04-26 14:48:54,25.2,2740
2026-04-26 14:49:54,25.2,2741
2026-04-26 14:50:54,25.2,2742
2026-04-26 14:51:54,25.2,2743
2026-04-26 14:52:54,25.1,2744
2026-04-26 14:53:54,25.2,2745
2026-04-26 14:54:54,25.2,2746
2026-04-26 14:55:54,25.3,2747
2026-04-26 14:56:54,25.2,2748
2026-04-26 14:57:54,25.2,2749
2026-04-26 14:58:54,25.3,2750
2026-04-26 14:59:54,25.3,2751
2026-04-26 15:00:54,25.5,2752
2026-04-26 15:01:54,25.2,2753
2026-04-26 15:02:54,25.2,2754
2026-04-26 15:03:54,25.1,2755
2026-04-26 15:04:54,25.0,2756
2026-04-26 15:05:54,25.2,2757
2026-04-26 15:06:54,25.2,2758
2026-04-26 15:07:54,25.0,2759
2026-04-26 15:08:54,25.3,2760
2026-04-26 15:09:54,25.2,2761
2026-04-26 15:10:54,25.3,2762
2026-04-26 15:11:54,25.1,2763
2026-04-26 15:12:54,25.0,2764
2026-04-26 15:13:54,25.2,2765
2026-04-26 15:14:54,25.1,2766
2026-04-26 15:15:54,25.3,2767
2026-04-26 15:16:54,25.1,2768
2026-04-26 15:17:54,25.1,2769
2026-04-26 15:18:54,25.4,2770
2026-04-26 15:19:54,25.2,2771
2026-04-26 15:20:54,25.0,2772
2026-04-26 15:21:54,24.7,2773
2026-04-26 15:22:54,25.0,2774
2026-04-26 15:23:54,25.0,2775
2026-04-26 15:24:54,25.0,2776
2026-04-26 15:25:54,25.2,2777
2026-04-26 15:26:55,25.1,2778
2026-04-26 15:27:55,25.3,2779
2026-04-26 15:28:55,25.1,2780
2026-04-26 15:29:55,25.0,2781
2026-04-26 15:30:55,25.0,2782
2026-04-26 15:31:55,25.2,2783
2026-04-26 15:32:55,25.3,2784
2026-04-26 15:33:55,25.0,2785
2026-04-26 15:34:55,25.1,2786
2026-04-26 15:35:55,25.0,2787
2026-04-26 15:36:55,25.0,2788
2026-04-26 15:37:55,25.1,2789
2026-04-26 15:38:55,25.0,2790
2026-04-26 15:39:55,25.0,2791
2026-04-26 15:40:55,25.0,2792
2026-04-26 15:41:55,25.0,2793
2026-04-26 15:42:55,24.9,2794
2026-04-26 15:43:55,25.2,2795
2026-04-26 15:44:55,25.0,2796
2026-04-26 15:45:55,25.1,2797
2026-04-26 15:46:55,24.9,2798
2026-04-26 15:47:55,25.0,2799
2026-04-26 15:48:55,24.8,2800
2026-04-26 15:49:55,25.1,2801
2026-04-26 15:50:55,24.9,2802
2026-04-26 15:51:55,25.0,2803
2026-04-26 15:52:55,25.2,2804
2026-04-26 15:53:55,25.2,2805
2026-04-26 15:54:55,24.9,2806
2026-04-26 15:55:55,24.9,2807
2026-04-26 15:56:55,25.1,2808
2026-04-26 15:57:55,24.9,2809
2026-04-26 15:58:55,25.0,2810
2026-04-26 15:59:55,25.0,2811
2026-04-26 16:00:55,25.0,2812
2026-04-26 16:01:55,24.9,2813
2026-04-26 16:02:55,25.0,2814
2026-04-26 16:03:55,24.6,2815
2026-04-26 16:04:55,25.1,2816
2026-04-26 16:05:55,25.1,2817
2026-04-26 16:06:56,25.0,2818
2026-04-26 16:07:56,25.0,2819
2026-04-26 16:08:56,24.9,2820
2026-04-26 16:09:56,24.9,2821
2026-04-26 16:10:56,25.1,2822
2026-04-26 16:11:56,24.6,2823
2026-04-26 16:12:56,24.7,2824
2026-04-26 16:13:56,24.9,2825
2026-04-26 16:14:56,24.6,2826
2026-04-26 16:15:56,24.9,2827
2026-04-26 16:16:56,24.6,2828
2026-04-26 16:17:56,24.7,2829
2026-04-26 16:18:56,24.8,2830
2026-04-26 16:19:56,24.7,2831
2026-04-26 16:20:56,24.4,2832
2026-04-26 16:21:56,24.5,2833
2026-04-26 16:22:56,24.8,2834
2026-04-26 16:23:56,24.4,2835
2026-04-26 16:24:56,24.5,2836
2026-04-26 16:25:56,24.6,2837
2026-04-26 16:26:56,24.5,2838
2026-04-26 16:27:56,24.6,2839
2026-04-26 16:28:56,24.7,2840
2026-04-26 16:29:56,24.7,2841
2026-04-26 16:30:56,24.5,2842
2026-04-26 16:31:56,24.4,2843
2026-04-26 16:32:56,24.7,2844
2026-04-26 16:33:56,24.3,2845
2026-04-26 16:34:56,24.3,2846
2026-04-26 16:35:56,24.4,2847
2026-04-26 16:36:56,24.4,2848
2026-04-26 16:37:56,24.5,2849
2026-04-26 16:38:56,24.3,2850
2026-04-26 16:39:56,24.3,2851
2026-04-26 16:40:56,24.4,2852
2026-04-26 16:41:56,24.3,2853
2026-04-26 16:42:56,24.4,2854
2026-04-26 16:43:56,24.5,2855
2026-04-26 16:44:56,24.2,2856
2026-04-26 16:45:56,24.2,2857
2026-04-26 16:46:56,24.1,2858
2026-04-26 16:47:56,24.5,2859
2026-04-26 16:48:56,24.2,2860
2026-04-26 16:49:56,24.3,2861
2026-04-26 16:50:56,24.5,2862
2026-04-26 16:51:56,24.4,2863
2026-04-26 16:52:57,24.2,2864
2026-04-26 16:53:57,24.1,2865
2026-04-26 16:54:57,24.3,2866
2026-04-26 16:55:57,24.0,2867
2026-04-26 16:56:57,24.3,2868
2026-04-26 16:57:57,24.3,2869
2026-04-26 16:58:57,24.2,2870
2026-04-26 16:59:57,24.1,2871
2026-04-26 17:00:57,24.1,2872
2026-04-26 17:01:57,24.0,2873
2026-04-26 17:02:57,24.1,2874
2026-04-26 17:03:57,24.2,2875
2026-04-26 17:04:57,24.0,2876
2026-04-26 17:05:57,23.9,2877
2026-04-26 17:06:57,23.8,2878
2026-04-26 17:07:57,24.0,2879
2026-04-26 17:08:57,23.8,2880
2026-04-26 17:09:57,24.1,2881
2026-04-26 17:10:57,23.7,2882
2026-04-26 17:11:57,23.6,2883
2026-04-26 17:12:57,23.6,2884
2026-04-26 17:13:57,23.8,2885
2026-04-26 17:14:57,23.8,2886
2026-04-26 17:15:57,23.7,2887
2026-04-26 17:16:57,23.8,2888
2026-04-26 17:17:57,23.5,2889
2026-04-26 17:18:57,23.6,2890
2026-04-26 17:19:57,23.6,2891
2026-04-26 17:20:57,23.6,2892
2026-04-26 17:21:57,23.6,2893
2026-04-26 17:22:57,23.7,2894
2026-04-26 17:23:57,23.5,2895
2026-04-26 17:24:57,23.4,2896
2026-04-26 17:25:57,23.5,2897
2026-04-26 17:26:57,23.5,2898
2026-04-26 17:27:57,23.5,2899
2026-04-26 17:28:57,23.2,2900
2026-04-26 17:29:57,23.4,2901
2026-04-26 17:30:57,23.3,2902
2026-04-26 17:31:57,23.4,2903
2026-04-26 17:32:58,23.5,2904
2026-04-26 17:33:58,23.5,2905
2026-04-26 17:34:58,23.4,2906
2026-04-26 17:35:58,23.4,2907
2026-04-26 17:36:58,23.1,2908
2026-04-26 17:37:58,23.2,2909
2026-04-26 17:38:58,23.3,2910
2026-04-26 17:39:58,23.1,2911
2026-04-26 17:40:58,23.2,2912
2026-04-26 17:41:58,23.0,2913
2026-04-26 17:42:58,23.3,2914
2026-04-26 17:43:58,23.2,2915
2026-04-26 17:44:58,23.1,2916
2026-04-26 17:45:58,23.2,2917
2026-04-26 17:46:58,23.1,2918
2026-04-26 17:47:58,23.4,2919
2026-04-26 17:48:58,22.8,2920
2026-04-26 17:49:58,23.1,2921
2026-04-26 17:50:58,23.1,2922
2026-04-26 17:51:58,22.9,2923
2026-04-26 17:52:58,22.9,2924
2026-04-26 17:53:58,22.9,2925
2026-04-26 17:54:58,23.1,2926
2026-04-26 17:55:58,22.8,2927
2026-04-26 17:56:58,22.9,2928
2026-04-26 17:57:58,22.7,2929
2026-04-26 17:58:58,22.7,2930
2026-04-26 17:59:58,22.7,2931
2026-04-26 18:00:58,22.6,2932
2026-04-26 18:01:58,746.8,2933
2026-04-26 18:02:58,746.8,2934
2026-04-26 18:03:58,746.4,2935
2026-04-26 18:04:58,746.0,2936
2026-04-26 18:05:58,746.2,2937
2026-04-26 18:06:58,745.8,2938
2026-04-26 18:07:58,745.8,2939
2026-04-26 18:08:58,745.5,2940
2026-04-26 18:09:58,745.7,2941
2026-04-26 18:10:58,745.5,2942
2026-04-26 18:11:58,745.2,2943
2026-04-26 18:12:59,745.3,2944
2026-04-26 18:13:59,745.3,2945
2026-04-26 18:14:59,745.4,2946
2026-04-26 18:15:59,744.9,2947
2026-04-26 18:16:59,744.5,2948
2026-04-26 18:17:59,744.7,2949
2026-04-26 18:18:59,744.4,2950
2026-04-26 18:19:59,743.9,2951
2026-04-26 18:20:59,744.3,2952
2026-04-26 18:22:00,744.0,2953
2026-04-26 18:23:00,743.4,2954
2026-04-26 18:24:00,744.0,2955
2026-04-26 18:25:00,743.1,2956
2026-04-26 18:26:00,742.9,2957
2026-04-26 18:27:00,743.1,2958
2026-04-26 18:28:00,742.7,2959
2026-04-26 18:29:00,742.5,2960
2026-04-26 18:30:00,742.8,2961
2026-04-26 18:31:01,742.8,2962
2026-04-26 18:32:01,742.3,2963
2026-04-26 18:33:01,742.3,2964
2026-04-26 18:34:01,742.2,2965
2026-04-26 18:35:01,742.2,2966
2026-04-26 18:36:01,741.7,2967
2026-04-26 18:37:01,741.3,2968
2026-04-26 18:38:01,741.5,2969
2026-04-26 18:39:01,741.3,2970
2026-04-26 18:40:02,741.3,2971
2026-04-26 18:41:02,741.3,2972
2026-04-26 18:42:02,741.2,2973
2026-04-26 18:43:02,741.0,2974
2026-04-26 18:44:02,741.0,2975
2026-04-26 18:45:02,741.2,2976
2026-04-26 18:46:02,740.7,2977
2026-04-26 18:47:02,740.7,2978
2026-04-26 18:48:03,740.7,2979
2026-04-26 18:49:03,740.7,2980
2026-04-26 18:50:03,740.7,2981
2026-04-26 18:51:03,740.1,2982
2026-04-26 18:52:03,739.9,2983
2026-04-26 18:53:03,740.4,2984
2026-04-26 18:54:03,740.0,2985
2026-04-26 18:55:03,739.8,2986
2026-04-26 18:56:03,739.6,2987
2026-04-26 18:57:03,739.7,2988
2026-04-26 18:58:04,739.4,2989
2026-04-26 18:59:04,739.4,2990
2026-04-26 19:00:04,739.0,2991
2026-04-26 19:01:04,739.1,2992
2026-04-26 19:02:04,739.1,2993
2026-04-26 19:03:04,738.9,2994
2026-04-26 19:04:04,738.5,2995
2026-04-26 19:05:04,738.4,2996
2026-04-26 19:06:04,737.9,2997
2026-04-26 19:07:04,738.0,2998
2026-04-26 19:08:04,737.7,2999
2026-04-26 19:09:04,737.5,3000
